symbol	profile	managed_validation
compound_file_id	translated-unqualified	pending
free_smb2_file_notify_change_information	translated-unqualified	pending
nterror_to_errno	translated-unqualified	pending
nterror_to_str	translated-unqualified	pending
smb2_accept_connection_async	deferred-client-profile	pending
smb2_active_contexts	translated-unqualified	pending
smb2_add_compound_pdu	translated-unqualified	pending
smb2_alloc_data	translated-unqualified	pending
smb2_alloc_init	translated-unqualified	pending
smb2_bind_and_listen	deferred-client-profile	pending
smb2_close	required	pending
smb2_close_async	required	pending
smb2_close_context	translated-unqualified	pending
smb2_closedir	required	pending
smb2_cmd_change_notify_async	translated-unqualified	pending
smb2_cmd_change_notify_reply_async	deferred-client-profile	pending
smb2_cmd_close_async	translated-unqualified	pending
smb2_cmd_close_reply_async	deferred-client-profile	pending
smb2_cmd_create_async	translated-unqualified	pending
smb2_cmd_create_reply_async	deferred-client-profile	pending
smb2_cmd_echo_async	translated-unqualified	pending
smb2_cmd_echo_reply_async	deferred-client-profile	pending
smb2_cmd_error_reply_async	deferred-client-profile	pending
smb2_cmd_flush_async	translated-unqualified	pending
smb2_cmd_flush_reply_async	deferred-client-profile	pending
smb2_cmd_ioctl_async	translated-unqualified	pending
smb2_cmd_ioctl_reply_async	deferred-client-profile	pending
smb2_cmd_lease_break_async	translated-unqualified	pending
smb2_cmd_lease_break_notification_async	translated-unqualified	pending
smb2_cmd_lease_break_reply_async	deferred-client-profile	pending
smb2_cmd_lock_async	translated-unqualified	pending
smb2_cmd_lock_reply_async	deferred-client-profile	pending
smb2_cmd_logoff_async	translated-unqualified	pending
smb2_cmd_logoff_reply_async	deferred-client-profile	pending
smb2_cmd_negotiate_async	translated-unqualified	pending
smb2_cmd_negotiate_reply_async	deferred-client-profile	pending
smb2_cmd_oplock_break_async	translated-unqualified	pending
smb2_cmd_oplock_break_notification_async	translated-unqualified	pending
smb2_cmd_oplock_break_reply_async	deferred-client-profile	pending
smb2_cmd_query_directory_async	translated-unqualified	pending
smb2_cmd_query_directory_reply_async	deferred-client-profile	pending
smb2_cmd_query_info_async	translated-unqualified	pending
smb2_cmd_query_info_reply_async	deferred-client-profile	pending
smb2_cmd_read_async	translated-unqualified	pending
smb2_cmd_read_reply_async	deferred-client-profile	pending
smb2_cmd_session_setup_async	translated-unqualified	pending
smb2_cmd_session_setup_reply_async	deferred-client-profile	pending
smb2_cmd_set_info_async	translated-unqualified	pending
smb2_cmd_set_info_reply_async	deferred-client-profile	pending
smb2_cmd_tree_connect_async	translated-unqualified	pending
smb2_cmd_tree_connect_reply_async	deferred-client-profile	pending
smb2_cmd_tree_disconnect_async	translated-unqualified	pending
smb2_cmd_tree_disconnect_reply_async	deferred-client-profile	pending
smb2_cmd_write_async	translated-unqualified	pending
smb2_cmd_write_reply_async	deferred-client-profile	pending
smb2_connect_async	translated-unqualified	pending
smb2_connect_share	required	pending
smb2_connect_share_async	required	pending
smb2_connect_tree_id	translated-unqualified	pending
smb2_context_active	translated-unqualified	pending
smb2_copychunk	translated-unqualified	pending
smb2_copychunk_async	translated-unqualified	pending
smb2_decode_fileidfulldirectoryinformation	translated-unqualified	pending
smb2_delegate_credentials	translated-unqualified	pending
smb2_destroy_context	required	pending
smb2_destroy_url	translated-unqualified	pending
smb2_disconnect_share	required	pending
smb2_disconnect_share_async	required	pending
smb2_disconnect_tree_id	translated-unqualified	pending
smb2_echo	translated-unqualified	pending
smb2_echo_async	translated-unqualified	pending
smb2_fd_event_callbacks	translated-unqualified	pending
smb2_fh_from_file_id	translated-unqualified	pending
smb2_free_data	translated-unqualified	pending
smb2_free_pdu	translated-unqualified	pending
smb2_fstat	required	pending
smb2_fstat_async	required	pending
smb2_fsync	required	pending
smb2_fsync_async	required	pending
smb2_ftruncate	required	pending
smb2_ftruncate_async	required	pending
smb2_get_client_guid	translated-unqualified	pending
smb2_get_compound_pdu	translated-unqualified	pending
smb2_get_dialect	required	pending
smb2_get_domain	translated-unqualified	pending
smb2_get_error	required	pending
smb2_get_fd	required	pending
smb2_get_fds	required	pending
smb2_get_file_id	translated-unqualified	pending
smb2_get_last_request_message_id	translated-unqualified	pending
smb2_get_last_reply_message_id	translated-unqualified	pending
smb2_get_max_read_size	required	pending
smb2_get_max_write_size	required	pending
smb2_get_nterror	translated-unqualified	pending
smb2_get_opaque	translated-unqualified	pending
smb2_get_passthrough	translated-unqualified	pending
smb2_get_pdu_message_id	translated-unqualified	pending
smb2_get_server_guid	translated-unqualified	pending
smb2_get_session_id	translated-unqualified	pending
smb2_get_tree_id_for_pdu	translated-unqualified	pending
smb2_get_uint32	translated-unqualified	pending
smb2_get_user	translated-unqualified	pending
smb2_get_workstation	translated-unqualified	pending
smb2_init_context	required	pending
smb2_link	translated-unqualified	pending
smb2_link_async	translated-unqualified	pending
smb2_lseek	translated-unqualified	pending
smb2_mkdir	required	pending
smb2_mkdir_async	required	pending
smb2_notify_change	translated-unqualified	pending
smb2_notify_change_async	translated-unqualified	pending
smb2_notify_change_filehandle_async	translated-unqualified	pending
smb2_open	required	pending
smb2_open_async	required	pending
smb2_open_async_pdu	translated-unqualified	pending
smb2_open_async_with_oplock_or_lease	translated-unqualified	pending
smb2_opendir	required	pending
smb2_opendir_async	required	pending
smb2_opendir_async_pdu	translated-unqualified	pending
smb2_parse_url	translated-unqualified	pending
smb2_pdu_is_compound	translated-unqualified	pending
smb2_pread	required	pending
smb2_pread_async	required	pending
smb2_pwrite	required	pending
smb2_pwrite_async	required	pending
smb2_queue_pdu	translated-unqualified	pending
smb2_read	required	pending
smb2_read_async	required	pending
smb2_readdir	required	pending
smb2_readlink	translated-unqualified	pending
smb2_readlink_async	translated-unqualified	pending
smb2_register_error_callback	translated-unqualified	pending
smb2_rename	required	pending
smb2_rename_async	required	pending
smb2_request_resume_key	translated-unqualified	pending
smb2_request_resume_key_async	translated-unqualified	pending
smb2_rewinddir	translated-unqualified	pending
smb2_rmdir	required	pending
smb2_rmdir_async	required	pending
smb2_seekdir	translated-unqualified	pending
smb2_select_tree_id	translated-unqualified	pending
smb2_serve_port	translated-unqualified	pending
smb2_serve_port_async	translated-unqualified	pending
smb2_server_side_copy	deferred-client-profile	pending
smb2_server_side_copy_async	deferred-client-profile	pending
smb2_service	required	pending
smb2_service_fd	required	pending
smb2_set_authentication	required	pending
smb2_set_client_guid	translated-unqualified	pending
smb2_set_domain	required	pending
smb2_set_error	translated-unqualified	pending
smb2_set_opaque	translated-unqualified	pending
smb2_set_oplock_or_lease_break_callback	translated-unqualified	pending
smb2_set_passthrough	translated-unqualified	pending
smb2_set_password	required	pending
smb2_set_password_from_file	translated-unqualified	pending
smb2_set_pdu_message_id	translated-unqualified	pending
smb2_set_pdu_status	translated-unqualified	pending
smb2_set_seal	required	pending
smb2_set_security_mode	required	pending
smb2_set_sign	required	pending
smb2_set_timeout	required	pending
smb2_set_tree_id_for_pdu	translated-unqualified	pending
smb2_set_user	required	pending
smb2_set_version	required	pending
smb2_set_workstation	translated-unqualified	pending
smb2_share_enum_async	translated-unqualified	pending
smb2_share_enum_sync	translated-unqualified	pending
smb2_stat	required	pending
smb2_stat_async	required	pending
smb2_statvfs	required	pending
smb2_statvfs_async	required	pending
smb2_symlink	translated-unqualified	pending
smb2_symlink_async	translated-unqualified	pending
smb2_telldir	translated-unqualified	pending
smb2_timeval_to_win	translated-unqualified	pending
smb2_truncate	required	pending
smb2_truncate_async	required	pending
smb2_unlink	required	pending
smb2_unlink_async	required	pending
smb2_utf16_to_utf8	translated-unqualified	pending
smb2_utf8_to_utf16	translated-unqualified	pending
smb2_which_events	required	pending
smb2_win_to_timeval	translated-unqualified	pending
smb2_write	required	pending
smb2_write_async	required	pending
